{
  "component": {
    "releaseEnvironments": [
      "LAB",
      "DEV",
      "UAT",
      "PROD",
      "DR"
    ],
    "useTowerDeployerSystemIDNonProd": true,
    "osPlatform": "Linux",
    "remedyEnableIntegration": false,
    "autoCreateTowerJobTemplate": true,
    "jiraEnableStatusUpdates": false
  },
  "phases": [
    {
      "phaseType": "LAB",
      "phaseEnablePreDeployGate": false,
      "phaseEnablePostDeployGate": false,
      "phaseNotificationDG": "dg.genai_devops_team@bofa.com"
    },
    {
      "phaseType": "DEV",
      "phaseEnablePreDeployGate": false,
      "phaseEnablePostDeployGate": false,
      "phaseNotificationDG": "dg.genai_devops_team@bofa.com"
    },
    {
      "phaseType": "UAT",
      "phaseEnablePreDeployGate": false,
      "phaseEnablePostDeployGate": false,
      "phaseNotificationDG": "dg.genai_devops_team@bofa.com"
    },
    {
      "phaseType": "PROD",
      "phaseEnablePreDeployGate": false,
      "phaseEnablePostDeployGate": false,
      "phaseNotificationDG": "dg.genai_devops_team@bofa.com"
    },
    {
      "phaseType": "DR",
      "phaseEnablePreDeployGate": false,
      "phaseEnablePostDeployGate": false,
      "phaseNotificationDG": "dg.genai_devops_team@bofa.com"
    }
  ],
  "environments": [
    {
      "environmentName": "LAB",
      "phaseType": "LAB",
      "sonarEnableMetricsCheck": false,
      "litmusEnableFunctionalTests": false,
      "litmusComponentName": "",
      "litmusTargetApplicationUrl": "http://lab-system-test",
      "towerAnsibleExtras": "target_env=lab apps_select=${applicationName} wheel_url=${published_artifact_url} image_tag=${buildJobNumber}",
      "towerJobTemplate": "",
      "towerProjectName": "GMGENAI/deployment/develop",
      "towerInventory": "GMGENAI/deployment/develop/inventory/main/LAB",
      "towerMachineCredential": "GMGENAI/ssh_key/machine_lab",
      "towerVaultCredential": "GMGENAI/global_secrets_key",
      "towerPlayBook": "playbook_main.yaml",
      "releaseExtensibility": {}
    },
    {
      "environmentName": "DEV",
      "phaseType": "DEV",
      "sonarEnableMetricsCheck": false,
      "litmusEnableFunctionalTests": false,
      "litmusComponentName": "",
      "litmusTargetApplicationUrl": "http://dev-system-test",
      "towerAnsibleExtras": "target_env=dev apps_select=${applicationName} wheel_url=${published_artifact_url} image_tag=${buildJobNumber}",
      "towerJobTemplate": "",
      "towerProjectName": "GMGENAI/deployment/develop",
      "towerInventory": "GMGENAI/deployment/develop/inventory/main/DEV",
      "towerMachineCredential": "GMGENAI/ssh_key/machine_dev",
      "towerVaultCredential": "GMGENAI/global_secrets_key",
      "towerPlayBook": "playbook_main.yaml",
      "releaseExtensibility": {}
    },
    {
      "environmentName": "UAT",
      "phaseType": "UAT",
      "sonarEnableMetricsCheck": false,
      "litmusEnableFunctionalTests": false,
      "litmusComponentName": "",
      "litmusTargetApplicationUrl": "http://uat-system-test",
      "towerAnsibleExtras": "target_env=uat apps_select=${applicationName} wheel_url=${published_artifact_url} image_tag=${buildJobNumber}",
      "towerJobTemplate": "",
      "towerProjectName": "GMGENAI/deployment/develop",
      "towerInventory": "GMGENAI/deployment/develop/inventory/main/UAT",
      "towerMachineCredential": "GMGENAI/ssh_key/machine_uat",
      "towerVaultCredential": "GMGENAI/global_secrets_key",
      "towerPlayBook": "playbook_main.yaml",
      "releaseExtensibility": {}
    },
    {
      "environmentName": "PROD",
      "phaseType": "PROD",
      "sonarEnableMetricsCheck": false,
      "litmusEnableFunctionalTests": false,
      "litmusComponentName": "",
      "litmusTargetApplicationUrl": "http://prod-system-test",
      "towerAnsibleExtras": "target_env=prod apps_select=${applicationName} wheel_url=${published_artifact_url} image_tag=${buildJobNumber}",
      "towerJobTemplate": "",
      "towerProjectName": "GMGENAI/deployment/develop",
      "towerInventory": "GMGENAI/deployment/develop/inventory/main/PROD",
      "towerMachineCredential": "GMGENAI/ssh_key/machine_prod",
      "towerVaultCredential": "GMGENAI/global_secrets_key",
      "towerPlayBook": "playbook_main.yaml",
      "releaseExtensibility": {}
    },
    {
      "environmentName": "DR",
      "phaseType": "DR",
      "sonarEnableMetricsCheck": false,
      "litmusEnableFunctionalTests": false,
      "litmusComponentName": "",
      "litmusTargetApplicationUrl": "http://dr-system-test",
      "towerAnsibleExtras": "target_env=dr apps_select=${applicationName} wheel_url=${published_artifact_url} image_tag=${buildJobNumber}",
      "towerJobTemplate": "",
      "towerProjectName": "GMGENAI/deployment/develop",
      "towerInventory": "GMGENAI/deployment/develop/inventory/main/DR",
      "towerMachineCredential": "GMGENAI/ssh_key/machine_dr",
      "towerVaultCredential": "GMGENAI/global_secrets_key",
      "towerPlayBook": "playbook_main.yaml",
      "releaseExtensibility": {}
    }
  ]
}